id,severity,title,verdict,evidence,checked_at_pt
SEC-1,Critical,Shopify integration key sent to every visitor in the brandDetails cookie,confirmed,"curl -s -D - https://mittenclub.shopmitten.com/: Set-Cookie brandDetails still sent to a fresh client with only Path=/ (no HttpOnly, no Secure). URL-decoded JSON still holds apiKey (a 280-char JWT) and integration {name:""shopify"", primary_access_key: 32 hex chars, secondary_access_key: <store>.myshopify.com}. Values not used. Sanity note: the key has no shpat_/shpss_ prefix, so it could be a public Storefront or app key; Critical assumes it is secret, so the developer should confirm.",2026-09-26 11:55 PM PT
SEC-2,Critical,Password-reset link still usable after use; reset JWT has no expiry,confirmed,"Stronger than first reported. (1) Reopened the ORIGINAL reset link (issued 10:41 PM PT Sep 26, already used in C14): form rendered, a new password was accepted, login with it succeeded and the previous password was rejected. (2) New reset request at 12:06 AM: link used once (API: ""Your password has been successfully updated""), then reopened and a second password submitted: accepted again, login with it succeeded. JWT payload keys {data, iat}: no exp. Only test-inbox links on the test account; new password kept only in test-inbox.json.",2026-09-27 12:04-12:07 AM PT
SEC-3,Critical,/aropay ships a hardcoded Aeropay DEV token and sandbox URL (page blank),confirmed,"curl /aropay -> 200; page chunk aropay-*.js still hardcodes https://dev.aerosync.com/?token=<JWT>. Claims: jti, exp, userId, userPassword, ClientId, ClientName, sessionId; exp 2023-09-25 (expired). Re-crawl: body text 0 chars, console CSP frame-ancestors error, request net::ERR_BLOCKED_BY_RESPONSE.",2026-09-26 11:55 PM PT
H-1,High,"Shop search is an unfinished template: no search box, ""Lorem Ipsum"", no results or empty state",confirmed,"curl shopmitten.com/search?q=hoodie and ?q=zzqx: h1 ""Lorem Ipsum"" plus a lorem blurb, 0 product links, no ""no results"" text. Home page HTML has no search input and no /search link.",2026-09-27 12:00 AM PT
H-2,High,Collections have no sort control and ignore sort_by,confirmed,"curl /collections/all?filter.v.availability=1 with no sort, sort_by=price-ascending and price-descending: same order all 3 times (61 products: Lighter $5, Water Bottle $10, Bomber $40 ...). products.json shows $3 keychains exist. No sort control in the HTML.",2026-09-27 12:00 AM PT
H-3,High,"Shop ""Reward"" widget is not connected to the Mitten Club account",confirmed,"Playwright 1280x800, fresh context: clicked the floating Reward launcher (Yotpo), then Join now. Lands on shopify.com/authentication/.../login ""Sign in or create an account"" with ""Email me with news and offers"" pre-checked. No points shown. Sanity note: Yotpo is working as designed on Shopify customer accounts. The defect is that there are 2 unlinked programs both called ""Mitten Club"". High is arguable (integration gap).",2026-09-27 12:01 AM PT
H-4,High,"/campaign crashes for logged-in members (""data is not defined"")",confirmed,"Logged in as the test account (email + password), opened /campaign: ""Sorry We Detected An Issue"". Console: ReferenceError: data is not defined (chunk 1008.*.js), Next.js client-side exception, ""Missing required parameters: sitekey"".",2026-09-27 12:07 AM PT
H-5,High,/collectibles is empty for members,confirmed,"Logged in, opened /collectibles: main area shows only ""trending"" and ""product lines"". No items and no empty-state message.",2026-09-27 12:07 AM PT
H-6,High,"Mitten Club newsletter signup is broken everywhere (footer goes to login, sidebar JS error, /newsletter blank)",confirmed,"A: footer SIGN UP TODAY is <a href=""/profile/account""> and lands on /login/password/email?from=%2Fprofile%2Faccount. B: mobile 390x844 sidebar button (onclick alpanaModal) throws pageerror ""Cannot read properties of null (reading 'style')"" and nothing opens. C: /newsletter iframe src=""[object Object]"" requests /[object%20Object] -> 404; body is header and footer only (384 chars).",2026-09-26 11:57-11:58 PM PT
H-7,High,"Header ""Validate"" button does nothing (desktop and mobile)",confirmed,"Clicked the Validate pill at 1366x900 and at 390x844 (fresh contexts): URL unchanged, DOM hash unchanged, 0 non-analytics requests. The element is a <div> with no link.",2026-09-26 11:57 PM PT
H-8,High,"Store page ""SHOP NOW"" fails with an error toast (hubId null)",confirmed,"/locations/315%20North, clicked SHOP NOW: toast ""Sorry! Cannot process your request. Try again"". PUT set-hub body {""payload"":{""hubId"":null,""type"":""PICKUP""}} returned HTTP 200 {""success"":false,""error"":""\""hubId\"" must be a number""}.",2026-09-26 11:58 PM PT
M-1,Medium,Marketing consent pre-ticked; no way to manage it in the club profile,confirmed,"Shopify checkout contact step: marketing_opt_in pre-checked. Shopify sign-in reached from the Reward widget: marketing-consent pre-checked. /register terms checkbox pre-checked. /profile/account (logged in) has no newsletter, marketing or SMS setting.",2026-09-27 12:01-12:08 AM PT
M-2,Medium,"Registration: phone is required but not marked, not formatted, error only on submit",confirmed,"/register: no required marker on phone; typed 3135550142 and it stayed unformatted; terms box pre-ticked. Submitted with phone empty and the existing test email, so no account was created: ""Phone is required"". Correction: the error also appears as soon as the field is touched and left empty, not only on submit. Issue text adjusted.",2026-09-27 12:08 AM PT
M-3,Medium,Sign-up code step is confusing and ends looking logged out,could-not-reverify,"Needs a brand-new sign-up with a second phone number. The only fictional number (313-555-0142) is already on the test account, so no new account was created. Supporting evidence from the original run in the test inbox: ""Welcome to Mitten"" 10:36:49 PM PT arrived before ""Mitten: one time code to login"" 10:36:50 PM PT.",2026-09-27 12:10 AM PT
M-4,Medium,Password reset and login give almost no feedback,incorrect,"Saving a new password from a reset link shows the toast ""Successfully changed your password / Login with your new password"" (seen twice) and redirects to login. A failed login shows ""Login Failed / Username or Password Incorrect"" for about 3 s. The original screenshot was taken after the toast had faded. What is left (toast only, no inline error) is a style preference, not a defect.",2026-09-27 12:06 AM PT
M-5,Medium,"Joining is hard to find: logo-only first screen, ""Join Today"" opens login",confirmed,"Home at 1280x800: the only text above the fold is the nav and ""Validate"" (the logo is an image). Join Today is <a href=""/profile/account""> and lands on /login/password/email?from=%2Fprofile%2Faccount.",2026-09-26 11:58 PM PT
M-6,Medium,Rewards page does not explain redemption; tier shown only on the account page,confirmed,"Logged in, /profile/rewards: 0 pts; earn paths listed (profile 300, app 200, scan campaigns 25/50, referral). The word ""redeem"" appears nowhere and no tier is shown. The tier (BRONZE, 0/1000) is only on /profile/account.",2026-09-27 12:07 AM PT
M-7,Medium,Product verification hides its 10-character rule until the field loses focus,confirmed,"/verify: no rule shown before or while typing. After blur: ""Code must be exactly 10 characters"". VERIFY is disabled at 5 chars with no reason given and enabled at 10. The header says Validate; the page says VERIFY PRODUCT.",2026-09-26 11:59 PM PT
M-8,Medium,Dispensary finder has no search or filter,confirmed,"/dispensaries: 0 input fields (no search or filter), long unfiltered list, page title ""ShopMitten"".",2026-09-26 11:59 PM PT
M-9,Medium,Cart and drawer discount field does not validate or carry the code,confirmed,"Cart discount field is name=""attributes[discount_code]"" (a cart attribute, not a discount). Apply sends no request and shows ""Code is applied at checkout."". At checkout no code is prefilled or applied (TESTCODE123 absent).",2026-09-27 12:02 AM PT
M-10,Medium,"Floating ""Reward"" button covers hero text, size chips and product cards",confirmed,"Partly corrected. At 1280x800 the launcher (x 1131-1256, y 720-776) does not overlap hero copy or size chips at rest. The original journey window was actually 1024x525; there the launcher sits on hero paragraph text (S03 screenshot). It never covers the size chips (chips end at x=985). Issue text adjusted; severity arguably Low.",2026-09-27 12:01 AM PT
M-11,Medium,"Product page: sold-out sizes unlabeled, size guide incomplete, copy wrong",confirmed,"Classic 1 Hoodie Grey: S/M/L inputs disabled and struck through, no ""Sold out"" text or label. Size guide shows cm/kg columns only and sizes S-XXL (no 3XL although 3XL is sold). Description says ""design 3"" and ""Available in black, white, and grey"" on the Heather Gray product. Horizontal scroll in the size guide was not reproduced at 1280x800.",2026-09-27 12:01 AM PT
M-12,Medium,Shop newsletter demands a mobile number and SMS/autodial consent; its announcement link rotates away,confirmed,"Footer Sign Up Today modal: First, Last, Email and Mobile Phone all required, plus a category and SMS/autodial consent copy (AIQ). The announcement slider rotates about every 8 s and keeps rotating while hovered.",2026-09-27 12:02-12:12 AM PT
M-13,Medium,/sitemap.xml and /sitemap return HTTP 500,confirmed,"curl /sitemap.xml and /sitemap: HTTP 500 ""A server error has occurred FUNCTION_INVOCATION_FAILED"".",2026-09-26 11:55 PM PT
M-14,Medium,Canonical tag points to the Batch demo domain,confirmed,"canonical = https://demo-mitten.batchsys.com//<path> on /, /login, /register, /terms and /dispensaries.",2026-09-27 12:10 AM PT
M-15,Medium,"Every page logs console errors and failed requests (placeholder GTM/Klaviyo IDs, FK-Screamer font, reCAPTCHA)",confirmed,Re-crawl of all 71 URLs: 0/71 pages without console errors (59/71 ignoring reCAPTCHA). reCAPTCHA requestStorageAccess error on 69 pages; GTM/Klaviyo MISSING-TAG/xxxxxx failures on 69 pages; FK-Screamer font failures on 51 pages; 0/71 pages with no failed requests.,2026-09-26 11:56 PM-12:06 AM PT
M-16,Medium,27 of 71 pages take 3 s or more to load (first desktop sample),confirmed,"Re-crawl, first desktop sample: 15/71 pages at or over 3000 ms (56/71 under 3 s; 2nd sample 58/71). Median 2568 ms; slowest 4436 ms (store page 20 Past 4). Still a problem, but lower than the first run's 27/71.",2026-09-26 11:56 PM-12:06 AM PT
M-17,Medium,Images missing alt text (290 of 835) and wrong logo alt on every page,confirmed,"Re-crawl: 835 non-decorative site images; 279 with no alt attribute and 11 with empty alt (545/835 OK, same as the first run). Footer logo alt ""John Martin Logo"" on 67 pages.",2026-09-26 11:56 PM-12:06 AM PT
M-18,Medium,"Legal pages carry other brands' contacts, a demo URL and an invalid date",confirmed,"/terms: ""Last updated : 2023-13-03"", dukeoferb opt-out, support@mitten.com, blitzdirect.com link, demo-mitten.batchsys.com. /privacy: same bad date and demo URL.",2026-09-26 11:59 PM PT
M-19,Medium,Logged-out /campaign redirects to login?from=/camapaign (typo),confirmed,curl /campaign -> 307 Location /login?from=/camapaign; /camapaign -> 307 /404.,2026-09-27 12:10 AM PT
L-1,Low,14 routes render only header and footer (unconfigured pages),confirmed,Re-crawl: 13 of the 14 routes render 384 chars (header and footer only); /site-access renders 0 chars.,2026-09-26 11:56 PM-12:06 AM PT
L-2,Low,"Home ""Find Mitten near you"" store names look clickable but do nothing",confirmed,"Clicked ""20 Past 4 (Jackson)"" (<p class=""chakra-text"">) in the home list: no URL change, no DOM change, no request.",2026-09-26 11:57 PM PT
L-3,Low,Soft 404s: unknown store names and /products.json return HTTP 200,confirmed,"/locations/zzz-nonexistent-store -> 200 with ""Sorry We Detected An Issue""; /products.json -> 200; /collections.json -> 200.",2026-09-26 11:55 PM PT
L-4,Low,Requests to /null and /undefined (missing image and script URLs),confirmed,/dispensaries and /locations request /null; /externalStore requests /undefined (both 307 -> /404).,2026-09-26 11:59 PM PT
L-5,Low,Logged-out /orders and /profile/reviews fire API calls that return 401,confirmed,"Re-crawl, logged out: /orders fires api/v1/user/orders -> 401; /profile/reviews fires api/v1/user/user-reviews -> 401.",2026-09-26 11:56 PM-12:06 AM PT
L-6,Low,Header/footer nav items are click handlers without href,confirmed,Header SHOP is a <p> with cursor:pointer and no <a href> ancestor.,2026-09-26 11:58 PM PT
L-7,Low,"Cart page shows a thick black band above ""YOUR CART""",confirmed,"/cart at 1280x800: black band of about 80 px between the header and the ""YOUR CART"" heading (heading top at 244 px).",2026-09-27 12:02 AM PT
L-8,Low,"Shop footer shows ""Translation missing: en.general.social.links.weedmaps""",confirmed,"curl shopmitten.com: footer still contains ""Translation missing: en.general.social.links.weedmaps"".",2026-09-27 12:00 AM PT
L-9,Low,"Placeholder page titles (""Reset password | brand name"", ""ShopMitten"")",confirmed,"Page titles: /reset-password = ""Reset password | brand name""; /dispensaries = ""ShopMitten"".",2026-09-26 11:59 PM PT
L-10,Low,Reset email is all caps; assets load from Cloudinary /test/ and other-tenant folders,confirmed,"New reset email: body in capitals (""WE HAVE A REQUEST TO CHANGE YOUR PASSWORD! ...""), logo from .../brand/Mitten/test/site/...; home hamburger icon from .../Big%20Chief%20Extracts/test/logos/....",2026-09-27 12:06 AM PT
